{
  "name" : "Gabarit d'annotation en sémantique de rôle",
  "slug" : null,
  "description" : "Ceci est le gabarit d'annotation utilisé pour la constitution du corpus CTeTex.",
  "mode" : "ANNOTATION",
  "version" : 1,
  "source_documents" : [ ],
  "annotation_documents" : [ ],
  "project_permissions" : [ {
    "level" : "ADMIN",
    "user" : "alice"
  }, {
    "level" : "CURATOR",
    "user" : "alice"
  }, {
    "level" : "USER",
    "user" : "alice"
  } ],
  "tag_sets" : [ {
    "name" : "ARGn",
    "description" : "Type d'argument\r\nPrioriser: ARG0 > ARG1 > ARG2 - 6 > ARGM",
    "language" : "null",
    "tags" : [ {
      "tag_name" : "ARG0",
      "tag_description" : "Agents, Causers ou Experiencers"
    }, {
      "tag_name" : "ARG1",
      "tag_description" : "Patients"
    }, {
      "tag_name" : "ARG2",
      "tag_description" : null
    }, {
      "tag_name" : "ARG3",
      "tag_description" : null
    }, {
      "tag_name" : "ARG4",
      "tag_description" : null
    }, {
      "tag_name" : "ARG5",
      "tag_description" : null
    }, {
      "tag_name" : "ARG6",
      "tag_description" : null
    }, {
      "tag_name" : "ARGM",
      "tag_description" : "Argument modificateur, facultatif dans la combinatoire du prédicat."
    } ],
    "create_tag" : false
  }, {
    "name" : "Argument MOD",
    "description" : "Argument modificateur ou portant un rôle.",
    "language" : "en",
    "tags" : [ {
      "tag_name" : "---",
      "tag_description" : "Valeur par défaut, si l'argument n'a pas la propriété d'être modificateur."
    }, {
      "tag_name" : "ADJ",
      "tag_description" : "Adjectival\r\nPrioriser les autres MOD.\r\nSimilaire aux ADV, mais relié sémantiquement au nom."
    }, {
      "tag_name" : "ADV",
      "tag_description" : "Adverbials\r\nPrioriser les autres MOD.\r\nModifie l'évènement du verbe ou d'un adj.\r\n-Temporel; waiting to be picked up\r\n-Intensionnel; probably, possibly\r\n-Apporte un focus; only, even\r\n-Évaluatif, attitude, point de vue, performatif; fortunately, really, legally, frankly speaking, clauses beginning with; given that; despite, except for, if"
    }, {
      "tag_name" : "CAU",
      "tag_description" : "Cause Clauses\r\nIndique les raisons d'une action, similaire aux PRP.\r\nCommence souvent par ; because, due to.\r\nTips: posez-vous la question 'Pourquoi?'."
    }, {
      "tag_name" : "COM",
      "tag_description" : "Comitative\r\nAvec qui l'action a été faite.\r\nPersonne(s) ou organisme.\r\nTips: Comitatives => Compagnon."
    }, {
      "tag_name" : "CXN",
      "tag_description" : "Construction\r\nArgument projeté depuis une comparaison.\r\nSouvent représenté par: about/less/as-X than/as Y."
    }, {
      "tag_name" : "DIR",
      "tag_description" : "Directional\r\nMontre un mouvement suivant une direction.\r\nLa Source est incluse.\r\nSi c'est plutôt un trajet suivi -> ARG - LOC\r\nEx: forward, back"
    }, {
      "tag_name" : "DIS",
      "tag_description" : "Discourse\r\nMarqueur de connexion entre P - P.\r\nEx: also, however, too, as well, but, instead, for instance.\r\nTips: Si la suppression ne modifie pas le sens de la phrase -> DIS."
    }, {
      "tag_name" : "EXT",
      "tag_description" : "Extent\r\nArgument montrant la quantité ou le degré du changement selon une action.\r\nCes modificateurs sont souvent:\r\n-Numerical adjuncts; raised prices by 15 percent\r\n-Quantifiers;  a lot, least, incredibly, extremely, or really\r\n-Comparatives; he raised prices more than she did"
    }, {
      "tag_name" : "GOL",
      "tag_description" : "Goal\r\nArgument qui dénote du but de l'action du verbe.\r\nInclus la destination d'un verbe de mouvement.\r\nArgument qui bénéficie d'une réception de quelque chose.\r\nIl doit avoir du mouvement ainsi qu'un endroit de 'resting' (repos)."
    }, {
      "tag_name" : "LOC",
      "tag_description" : "Locative\r\nIndique où l'action ou une partie de l'action est entreprise (physique ou abstraite)."
    }, {
      "tag_name" : "MNR",
      "tag_description" : "Manner\r\nArgument qui montre comment une action est réalisée.\r\nTips: si un adverbe peut être utilisé pour la réponse à la question 'How?'."
    }, {
      "tag_name" : "MOD",
      "tag_description" : "Modal\r\nEx: can, must, shall, might, should, could, and would."
    }, {
      "tag_name" : "NEG",
      "tag_description" : "Negation\r\nEx: not, n't, never, no longer, etc\r\nTips: pour 'never', si vous avez une hésitation entre ARGM-NEG et ARMG-TMP, le tag par défaut est ARGM-NEG.\r\nAttention: ne pas confondre avec des éléments comme 'not only' qui ne marquent pas la négation du verbe."
    }, {
      "tag_name" : "PRD",
      "tag_description" : "Secondary Predication\r\nLorsqu'un auxiliaire (adjunt) est capable de porter des propriétés de structure d'un prédicat.\r\nIls montrent l'état avant et après l'évènement de l'argument et non une modification propre à l'évènement ou au verbe.\r\nResultatives; The boys pinched them \"dead\"\r\nDepictives; \"Rosy-cheeked\", Santa came down the chimney\r\nAs-phrases; supplied \"as security in the transaction\""
    }, {
      "tag_name" : "PRP",
      "tag_description" : "Purpose\r\nCe qui montre la motivation d'une action. \r\nLes PRP canonicals peuvent commencer par 'in order to' OU 'so that'."
    }, {
      "tag_name" : "REC",
      "tag_description" : "Reciprocals\r\nEx: himself, itself, themselves, each other, own, both.\r\nCes éléments se réfèrent à un autre argument qui sont généralement des ARG1."
    }, {
      "tag_name" : "TMP",
      "tag_description" : "Temporal\r\nUn argument qui montre quand une action est effectuée.\r\nADV de fréquence; often, always, sometimes, avec l'exception de never.\r\nADV de durée; for a year, in a year.\r\nADV d'ordre; first.\r\nRépétition; again."
    } ],
    "create_tag" : false
  }, {
    "name" : "Coreference mentions",
    "description" : "coreference type annotation",
    "language" : "de",
    "tags" : [ {
      "tag_name" : "nam",
      "tag_description" : "nam"
    } ],
    "create_tag" : false
  }, {
    "name" : "Coreference relations",
    "description" : "coreference relation annotation",
    "language" : "de",
    "tags" : [ {
      "tag_name" : "anaphoric",
      "tag_description" : "anaphoric"
    } ],
    "create_tag" : false
  }, {
    "name" : "Dependency flavors",
    "description" : "Dependency flavors",
    "language" : "mul",
    "tags" : [ {
      "tag_name" : "basic",
      "tag_description" : "basic"
    }, {
      "tag_name" : "enhanced",
      "tag_description" : "enhanced"
    } ],
    "create_tag" : false
  }, {
    "name" : "Named Entity tags",
    "description" : "Named Entity annotation",
    "language" : "de",
    "tags" : [ {
      "tag_name" : "LOC",
      "tag_description" : "Location"
    }, {
      "tag_name" : "LOCderiv",
      "tag_description" : "Location derivative"
    }, {
      "tag_name" : "LOCpart",
      "tag_description" : "Hyphenated part is location"
    }, {
      "tag_name" : "ORG",
      "tag_description" : "Organization"
    }, {
      "tag_name" : "ORGderiv",
      "tag_description" : "Organization derivative"
    }, {
      "tag_name" : "ORGpart",
      "tag_description" : "Hyphenated part is organization"
    }, {
      "tag_name" : "OTH",
      "tag_description" : "Other: Every name that is not a location, person or organisation"
    }, {
      "tag_name" : "OTHderiv",
      "tag_description" : "Other derivative"
    }, {
      "tag_name" : "OTHpart",
      "tag_description" : "Hyphenated part is Other"
    }, {
      "tag_name" : "PER",
      "tag_description" : "Person"
    }, {
      "tag_name" : "PERderiv",
      "tag_description" : "Person derivative"
    }, {
      "tag_name" : "PERpart",
      "tag_description" : "Hyphenated part is person"
    } ],
    "create_tag" : false
  }, {
    "name" : "Operation",
    "description" : "operation to be done with specified in tokenIDs token/tokens in order to correct",
    "language" : "en",
    "tags" : [ {
      "tag_name" : "delete",
      "tag_description" : "delete"
    }, {
      "tag_name" : "insert_after",
      "tag_description" : "insert after"
    }, {
      "tag_name" : "insert_before",
      "tag_description" : "insert before"
    }, {
      "tag_name" : "replace",
      "tag_description" : "replace"
    } ],
    "create_tag" : false
  }, {
    "name" : "TAGSET ARGM",
    "description" : "Si un ARGM a une relation avec un ARG.",
    "language" : "en",
    "tags" : [ {
      "tag_name" : "---",
      "tag_description" : null
    }, {
      "tag_name" : "PRD",
      "tag_description" : "Secondary Prediction\r\nApporte une information ou une précision à un argument du prédicat et non sur le prédicat."
    }, {
      "tag_name" : "REC",
      "tag_description" : "Reciprocals\r\nInclus les reflexives et reciprocals comme ; himself, itself, themselves, each other, own.\r\nCes éléments se réfèrent à un autre argument qui sont généralement des ARG1."
    } ],
    "create_tag" : true
  }, {
    "name" : "UD Universal Dependencies (v2)",
    "description" : "The idea of universal dependencies is to propose a set of universal grammatical relations which can be used with relative fidelity to capture any dependency relation between words in any language. Each dependency relation should be typed with one of the relations in the table below.\r\n\r\nThe following table lists the 37 universal syntactic relations used in UD v2. It is a revised version of the relations originally described in Universal Stanford Dependencies: A cross-linguistic typology (de Marneffe et al. 2014).\r\n\r\n© 2014-2017 Universal Dependencies contributors.\r\n\r\nSee also: https://universaldependencies.org/u/dep/index.html",
    "language" : "mul",
    "tags" : [ {
      "tag_name" : "acl",
      "tag_description" : "clausal modifier of noun (adjectival clause)"
    }, {
      "tag_name" : "advcl",
      "tag_description" : "adverbial clause modifier"
    }, {
      "tag_name" : "advmod",
      "tag_description" : "adverbial modifier"
    }, {
      "tag_name" : "amod",
      "tag_description" : "adjectival modifier"
    }, {
      "tag_name" : "appos",
      "tag_description" : "appositional modifier"
    }, {
      "tag_name" : "aux",
      "tag_description" : "auxiliary"
    }, {
      "tag_name" : "case",
      "tag_description" : "case marking"
    }, {
      "tag_name" : "cc",
      "tag_description" : "coordinating conjunction"
    }, {
      "tag_name" : "ccomp",
      "tag_description" : "clausal complement"
    }, {
      "tag_name" : "clf",
      "tag_description" : "classifier"
    }, {
      "tag_name" : "compound",
      "tag_description" : "compound"
    }, {
      "tag_name" : "conj",
      "tag_description" : "conjunct"
    }, {
      "tag_name" : "cop",
      "tag_description" : "copula"
    }, {
      "tag_name" : "csubj",
      "tag_description" : "clausal subject"
    }, {
      "tag_name" : "dep",
      "tag_description" : "unspecified dependency"
    }, {
      "tag_name" : "det",
      "tag_description" : "determiner"
    }, {
      "tag_name" : "discourse",
      "tag_description" : "discourse element"
    }, {
      "tag_name" : "dislocated",
      "tag_description" : "dislocated elements"
    }, {
      "tag_name" : "expl",
      "tag_description" : "expletive"
    }, {
      "tag_name" : "fixed",
      "tag_description" : "fixed multiword expression"
    }, {
      "tag_name" : "flat",
      "tag_description" : "flat multiword expression"
    }, {
      "tag_name" : "goeswith",
      "tag_description" : "goes with"
    }, {
      "tag_name" : "iobj",
      "tag_description" : "indirect object"
    }, {
      "tag_name" : "list",
      "tag_description" : "list"
    }, {
      "tag_name" : "mark",
      "tag_description" : "marker"
    }, {
      "tag_name" : "nmod",
      "tag_description" : "nominal modifier"
    }, {
      "tag_name" : "nsubj",
      "tag_description" : "nominal subject"
    }, {
      "tag_name" : "nummod",
      "tag_description" : "numeric modifier"
    }, {
      "tag_name" : "obj",
      "tag_description" : "object"
    }, {
      "tag_name" : "obl",
      "tag_description" : "oblique nominal"
    }, {
      "tag_name" : "orphan",
      "tag_description" : "orphan"
    }, {
      "tag_name" : "parataxis",
      "tag_description" : "parataxis"
    }, {
      "tag_name" : "punct",
      "tag_description" : "punctuation"
    }, {
      "tag_name" : "reparandum",
      "tag_description" : "overridden disfluency"
    }, {
      "tag_name" : "root",
      "tag_description" : "root"
    }, {
      "tag_name" : "vocative",
      "tag_description" : "vocative"
    }, {
      "tag_name" : "xcomp",
      "tag_description" : "open clausal complement"
    } ],
    "create_tag" : false
  }, {
    "name" : "UD Universal POS tags (v2)",
    "description" : "These tags mark the core part-of-speech categories from the Universal Dependencies project. To distinguish additional lexical and grammatical properties of words, use the universal features.\r\n\r\n© 2017 Universal Dependencies contributors\r\n\r\nSee: https://universaldependencies.org/u/pos/index.html",
    "language" : "mul",
    "tags" : [ {
      "tag_name" : "ADJ",
      "tag_description" : "adjective"
    }, {
      "tag_name" : "ADP",
      "tag_description" : "adposition"
    }, {
      "tag_name" : "ADV",
      "tag_description" : "adverb"
    }, {
      "tag_name" : "AUX",
      "tag_description" : "auxiliary"
    }, {
      "tag_name" : "CCONJ",
      "tag_description" : "coordinating conjunction"
    }, {
      "tag_name" : "DET",
      "tag_description" : "determiner"
    }, {
      "tag_name" : "INTJ",
      "tag_description" : "interjection"
    }, {
      "tag_name" : "NOUN",
      "tag_description" : "noun"
    }, {
      "tag_name" : "NUM",
      "tag_description" : "numeral"
    }, {
      "tag_name" : "PART",
      "tag_description" : "particle"
    }, {
      "tag_name" : "PRON",
      "tag_description" : "pronoun"
    }, {
      "tag_name" : "PROPN",
      "tag_description" : "proper noun"
    }, {
      "tag_name" : "PUNCT",
      "tag_description" : "punctuation"
    }, {
      "tag_name" : "SCONJ",
      "tag_description" : "subordinating conjunction"
    }, {
      "tag_name" : "SYM",
      "tag_description" : "symbol"
    }, {
      "tag_name" : "VERB",
      "tag_description" : "verb"
    }, {
      "tag_name" : "X",
      "tag_description" : "other"
    } ],
    "create_tag" : false
  } ],
  "layers" : [ {
    "name" : "webanno.custom.ARGM",
    "features" : [ {
      "name" : "Argument",
      "tag_set" : {
        "name" : "ARGn",
        "description" : null,
        "language" : null,
        "tags" : [ ],
        "create_tag" : false
      },
      "uiName" : "Choix du type d'argument du prédicat",
      "type" : "uima.cas.String",
      "enabled" : true,
      "visible" : true,
      "include_in_hover" : false,
      "required" : true,
      "remember" : false,
      "hideUnconstraintFeature" : false,
      "description" : "Choisir le numéro d'argument ou ARGM si cet argument est facultatif pour le prédicat.",
      "project_name" : "Gabarit d'annotation en sémantique de rôle",
      "multi_value_mode" : "NONE",
      "link_mode" : "NONE",
      "link_type_name" : null,
      "link_type_role_feature_name" : null,
      "link_type_target_feature_name" : null,
      "traits" : "{\"multipleRows\":false,\"dynamicSize\":false,\"collapsedRows\":1,\"expandedRows\":1,\"editorType\":\"AUTO\",\"keyBindings\":[{\"keyCombo\":\"SHIFT 1\",\"value\":\"ARG1\"},{\"keyCombo\":\"SHIFT 0\",\"value\":\"ARG0\"},{\"keyCombo\":\"SHIFT 2\",\"value\":\"ARG2\"},{\"keyCombo\":\"SHIFT 3\",\"value\":\"ARG3\"},{\"keyCombo\":\"SHIFT 4\",\"value\":\"ARG4\"},{\"keyCombo\":\"SHIFT 5\",\"value\":\"ARG5\"},{\"keyCombo\":\"SHIFT 6\",\"value\":\"ARG6\"},{\"keyCombo\":\"SHIFT m\",\"value\":\"ARGM\"}]}",
      "curatable" : true
    }, {
      "name" : "RelationARGMARG",
      "tag_set" : {
        "name" : "TAGSET ARGM",
        "description" : null,
        "language" : null,
        "tags" : [ ],
        "create_tag" : false
      },
      "uiName" : "Relation ARGM vers ARG",
      "type" : "webanno.custom.ARGM",
      "enabled" : true,
      "visible" : true,
      "include_in_hover" : false,
      "required" : false,
      "remember" : false,
      "hideUnconstraintFeature" : false,
      "description" : "S'il y a une relation entre un ARGM et un ARG.",
      "project_name" : "Gabarit d'annotation en sémantique de rôle",
      "multi_value_mode" : "ARRAY",
      "link_mode" : "WITH_ROLE",
      "link_type_name" : "webanno.custom.ARGMRelationARGMARGLink",
      "link_type_role_feature_name" : "role",
      "link_type_target_feature_name" : "target",
      "traits" : "{\"defaultSlots\":[707],\"enableRoleLabels\":true}",
      "curatable" : true
    }, {
      "name" : "REL",
      "tag_set" : {
        "name" : "Argument MOD",
        "description" : null,
        "language" : null,
        "tags" : [ ],
        "create_tag" : false
      },
      "uiName" : "Type de relation vers le FrameSet",
      "type" : "webanno.custom.FrameSet",
      "enabled" : true,
      "visible" : true,
      "include_in_hover" : false,
      "required" : false,
      "remember" : false,
      "hideUnconstraintFeature" : false,
      "description" : "Lier l'argument au FrameSet en choisissant le type de modificateur/rôle s'il y a lieu.",
      "project_name" : "Gabarit d'annotation en sémantique de rôle",
      "multi_value_mode" : "ARRAY",
      "link_mode" : "WITH_ROLE",
      "link_type_name" : "webanno.custom.ARGMRELLink",
      "link_type_role_feature_name" : "role",
      "link_type_target_feature_name" : "target",
      "traits" : "{\"defaultSlots\":[172],\"enableRoleLabels\":true}",
      "curatable" : true
    } ],
    "uiName" : "ARG",
    "type" : "span",
    "description" : "Choisir l'argument",
    "enabled" : true,
    "built_in" : false,
    "readonly" : false,
    "attach_type" : null,
    "attach_feature" : null,
    "allow_stacking" : true,
    "cross_sentence" : false,
    "show_hover" : true,
    "anchoring_mode" : "TOKENS",
    "overlap_mode" : "ANY_OVERLAP",
    "validation_mode" : "ALWAYS",
    "lock_to_token_offset" : false,
    "multiple_tokens" : true,
    "project_name" : "Gabarit d'annotation en sémantique de rôle",
    "linked_list_behavior" : false,
    "on_click_javascript_action" : null,
    "traits" : null
  }, {
    "name" : "de.tudarmstadt.ukp.dkpro.core.api.syntax.type.chunk.Chunk",
    "features" : [ {
      "name" : "chunkValue",
      "tag_set" : null,
      "uiName" : "Tag",
      "type" : "uima.cas.String",
      "enabled" : true,
      "visible" : true,
      "include_in_hover" : false,
      "required" : false,
      "remember" : false,
      "hideUnconstraintFeature" : false,
      "description" : "Chunk tag",
      "project_name" : "Gabarit d'annotation en sémantique de rôle",
      "multi_value_mode" : "NONE",
      "link_mode" : "NONE",
      "link_type_name" : null,
      "link_type_role_feature_name" : null,
      "link_type_target_feature_name" : null,
      "traits" : null,
      "curatable" : true
    } ],
    "uiName" : "Chunk",
    "type" : "span",
    "description" : null,
    "enabled" : false,
    "built_in" : true,
    "readonly" : false,
    "attach_type" : null,
    "attach_feature" : null,
    "allow_stacking" : false,
    "cross_sentence" : false,
    "show_hover" : true,
    "anchoring_mode" : "TOKENS",
    "overlap_mode" : "NO_OVERLAP",
    "validation_mode" : "ALWAYS",
    "lock_to_token_offset" : false,
    "multiple_tokens" : true,
    "project_name" : "Gabarit d'annotation en sémantique de rôle",
    "linked_list_behavior" : false,
    "on_click_javascript_action" : null,
    "traits" : "{\"coloringRules\":{\"rules\":[]}}"
  }, {
    "name" : "de.tudarmstadt.ukp.dkpro.core.api.coref.type.Coreference",
    "features" : [ {
      "name" : "referenceRelation",
      "tag_set" : {
        "name" : "Coreference relations",
        "description" : null,
        "language" : null,
        "tags" : [ ],
        "create_tag" : false
      },
      "uiName" : "referenceRelation",
      "type" : "uima.cas.String",
      "enabled" : true,
      "visible" : true,
      "include_in_hover" : false,
      "required" : false,
      "remember" : false,
      "hideUnconstraintFeature" : false,
      "description" : "Coreference relation",
      "project_name" : "Gabarit d'annotation en sémantique de rôle",
      "multi_value_mode" : "NONE",
      "link_mode" : "NONE",
      "link_type_name" : null,
      "link_type_role_feature_name" : null,
      "link_type_target_feature_name" : null,
      "traits" : null,
      "curatable" : true
    }, {
      "name" : "referenceType",
      "tag_set" : {
        "name" : "Coreference mentions",
        "description" : null,
        "language" : null,
        "tags" : [ ],
        "create_tag" : false
      },
      "uiName" : "referenceType",
      "type" : "uima.cas.String",
      "enabled" : true,
      "visible" : true,
      "include_in_hover" : false,
      "required" : false,
      "remember" : false,
      "hideUnconstraintFeature" : false,
      "description" : "Coreference type",
      "project_name" : "Gabarit d'annotation en sémantique de rôle",
      "multi_value_mode" : "NONE",
      "link_mode" : "NONE",
      "link_type_name" : null,
      "link_type_role_feature_name" : null,
      "link_type_target_feature_name" : null,
      "traits" : null,
      "curatable" : true
    } ],
    "uiName" : "Coreference",
    "type" : "chain",
    "description" : null,
    "enabled" : false,
    "built_in" : true,
    "readonly" : false,
    "attach_type" : null,
    "attach_feature" : null,
    "allow_stacking" : true,
    "cross_sentence" : true,
    "show_hover" : true,
    "anchoring_mode" : "TOKENS",
    "overlap_mode" : "ANY_OVERLAP",
    "validation_mode" : "ALWAYS",
    "lock_to_token_offset" : false,
    "multiple_tokens" : true,
    "project_name" : "Gabarit d'annotation en sémantique de rôle",
    "linked_list_behavior" : false,
    "on_click_javascript_action" : null,
    "traits" : "{}"
  }, {
    "name" : "de.tudarmstadt.ukp.dkpro.core.api.syntax.type.dependency.Dependency",
    "features" : [ {
      "name" : "flavor",
      "tag_set" : {
        "name" : "Dependency flavors",
        "description" : null,
        "language" : null,
        "tags" : [ ],
        "create_tag" : false
      },
      "uiName" : "Flavor",
      "type" : "uima.cas.String",
      "enabled" : true,
      "visible" : true,
      "include_in_hover" : false,
      "required" : false,
      "remember" : false,
      "hideUnconstraintFeature" : false,
      "description" : "Dependency relation",
      "project_name" : "Gabarit d'annotation en sémantique de rôle",
      "multi_value_mode" : "NONE",
      "link_mode" : "NONE",
      "link_type_name" : null,
      "link_type_role_feature_name" : null,
      "link_type_target_feature_name" : null,
      "traits" : null,
      "curatable" : true
    }, {
      "name" : "DependencyType",
      "tag_set" : {
        "name" : "UD Universal Dependencies (v2)",
        "description" : null,
        "language" : null,
        "tags" : [ ],
        "create_tag" : false
      },
      "uiName" : "Relation",
      "type" : "uima.cas.String",
      "enabled" : true,
      "visible" : true,
      "include_in_hover" : false,
      "required" : false,
      "remember" : false,
      "hideUnconstraintFeature" : false,
      "description" : "Dependency relation",
      "project_name" : "Gabarit d'annotation en sémantique de rôle",
      "multi_value_mode" : "NONE",
      "link_mode" : "NONE",
      "link_type_name" : null,
      "link_type_role_feature_name" : null,
      "link_type_target_feature_name" : null,
      "traits" : null,
      "curatable" : true
    } ],
    "uiName" : "Dependency",
    "type" : "relation",
    "description" : null,
    "enabled" : false,
    "built_in" : true,
    "readonly" : false,
    "attach_type" : {
      "name" : "de.tudarmstadt.ukp.dkpro.core.api.segmentation.type.Token"
    },
    "attach_feature" : {
      "name" : "pos",
      "layer" : "de.tudarmstadt.ukp.dkpro.core.api.segmentation.type.Token"
    },
    "allow_stacking" : false,
    "cross_sentence" : false,
    "show_hover" : true,
    "anchoring_mode" : "SINGLE_TOKEN",
    "overlap_mode" : "OVERLAP_ONLY",
    "validation_mode" : "ALWAYS",
    "lock_to_token_offset" : true,
    "multiple_tokens" : false,
    "project_name" : "Gabarit d'annotation en sémantique de rôle",
    "linked_list_behavior" : false,
    "on_click_javascript_action" : null,
    "traits" : "{\"coloringRules\":{\"rules\":[]},\"renderArcs\":true}"
  }, {
    "name" : "webanno.custom.FrameSet",
    "features" : [ {
      "name" : "Frame",
      "tag_set" : null,
      "uiName" : "Choix du Roleset.ID",
      "type" : "kb:<ANY>",
      "enabled" : true,
      "visible" : true,
      "include_in_hover" : false,
      "required" : false,
      "remember" : false,
      "hideUnconstraintFeature" : false,
      "description" : "Taper la forme lemmatisée du verbe et cliquer sur le Roleset.ID.",
      "project_name" : "Gabarit d'annotation en sémantique de rôle",
      "multi_value_mode" : "NONE",
      "link_mode" : "NONE",
      "link_type_name" : null,
      "link_type_role_feature_name" : null,
      "link_type_target_feature_name" : null,
      "traits" : "{\"repositoryId\":\"pid-2-kbid-2\",\"scope\":null,\"allowedValueType\":\"ANY_OBJECT\",\"keyBindings\":[]}",
      "curatable" : true
    }, {
      "name" : "TestBOOL",
      "tag_set" : null,
      "uiName" : "Inexistence du FrameSet",
      "type" : "uima.cas.Boolean",
      "enabled" : true,
      "visible" : false,
      "include_in_hover" : false,
      "required" : false,
      "remember" : false,
      "hideUnconstraintFeature" : false,
      "description" : "Vérifier la lemmatisation du verbe avant de cliquer sur YES.",
      "project_name" : "Gabarit d'annotation en sémantique de rôle",
      "multi_value_mode" : "NONE",
      "link_mode" : "NONE",
      "link_type_name" : null,
      "link_type_role_feature_name" : null,
      "link_type_target_feature_name" : null,
      "traits" : null,
      "curatable" : true
    }, {
      "name" : "Inexistencedusens",
      "tag_set" : null,
      "uiName" : "Inexistence du sens",
      "type" : "uima.cas.Boolean",
      "enabled" : true,
      "visible" : false,
      "include_in_hover" : false,
      "required" : false,
      "remember" : false,
      "hideUnconstraintFeature" : false,
      "description" : "Si le sens du verbe dans la phrase est inexistent ou inapproprié/imprécis.",
      "project_name" : "Gabarit d'annotation en sémantique de rôle",
      "multi_value_mode" : "NONE",
      "link_mode" : "NONE",
      "link_type_name" : null,
      "link_type_role_feature_name" : null,
      "link_type_target_feature_name" : null,
      "traits" : null,
      "curatable" : true
    } ],
    "uiName" : "FrameSet",
    "type" : "span",
    "description" : "Choisir le Roleset.ID",
    "enabled" : true,
    "built_in" : false,
    "readonly" : false,
    "attach_type" : null,
    "attach_feature" : null,
    "allow_stacking" : true,
    "cross_sentence" : false,
    "show_hover" : true,
    "anchoring_mode" : "TOKENS",
    "overlap_mode" : "ANY_OVERLAP",
    "validation_mode" : "ALWAYS",
    "lock_to_token_offset" : false,
    "multiple_tokens" : true,
    "project_name" : "Gabarit d'annotation en sémantique de rôle",
    "linked_list_behavior" : false,
    "on_click_javascript_action" : null,
    "traits" : null
  }, {
    "name" : "de.tudarmstadt.ukp.dkpro.core.api.segmentation.type.Lemma",
    "features" : [ {
      "name" : "value",
      "tag_set" : null,
      "uiName" : "Lemma",
      "type" : "uima.cas.String",
      "enabled" : true,
      "visible" : true,
      "include_in_hover" : false,
      "required" : false,
      "remember" : false,
      "hideUnconstraintFeature" : false,
      "description" : "lemma Annotation",
      "project_name" : "Gabarit d'annotation en sémantique de rôle",
      "multi_value_mode" : "NONE",
      "link_mode" : "NONE",
      "link_type_name" : null,
      "link_type_role_feature_name" : null,
      "link_type_target_feature_name" : null,
      "traits" : null,
      "curatable" : true
    } ],
    "uiName" : "Lemma",
    "type" : "span",
    "description" : null,
    "enabled" : false,
    "built_in" : true,
    "readonly" : false,
    "attach_type" : {
      "name" : "de.tudarmstadt.ukp.dkpro.core.api.segmentation.type.Token"
    },
    "attach_feature" : {
      "name" : "lemma",
      "layer" : "de.tudarmstadt.ukp.dkpro.core.api.segmentation.type.Token"
    },
    "allow_stacking" : false,
    "cross_sentence" : false,
    "show_hover" : true,
    "anchoring_mode" : "SINGLE_TOKEN",
    "overlap_mode" : "NO_OVERLAP",
    "validation_mode" : "ALWAYS",
    "lock_to_token_offset" : true,
    "multiple_tokens" : false,
    "project_name" : "Gabarit d'annotation en sémantique de rôle",
    "linked_list_behavior" : false,
    "on_click_javascript_action" : null,
    "traits" : "{\"coloringRules\":{\"rules\":[]}}"
  }, {
    "name" : "de.tudarmstadt.ukp.dkpro.core.api.lexmorph.type.morph.MorphologicalFeatures",
    "features" : [ {
      "name" : "value",
      "tag_set" : null,
      "uiName" : "Features",
      "type" : "uima.cas.String",
      "enabled" : true,
      "visible" : false,
      "include_in_hover" : false,
      "required" : false,
      "remember" : false,
      "hideUnconstraintFeature" : false,
      "description" : "Morphological features",
      "project_name" : "Gabarit d'annotation en sémantique de rôle",
      "multi_value_mode" : "NONE",
      "link_mode" : "NONE",
      "link_type_name" : null,
      "link_type_role_feature_name" : null,
      "link_type_target_feature_name" : null,
      "traits" : null,
      "curatable" : true
    } ],
    "uiName" : "Morphological features",
    "type" : "span",
    "description" : null,
    "enabled" : false,
    "built_in" : true,
    "readonly" : false,
    "attach_type" : {
      "name" : "de.tudarmstadt.ukp.dkpro.core.api.segmentation.type.Token"
    },
    "attach_feature" : {
      "name" : "morph",
      "layer" : "de.tudarmstadt.ukp.dkpro.core.api.segmentation.type.Token"
    },
    "allow_stacking" : false,
    "cross_sentence" : false,
    "show_hover" : true,
    "anchoring_mode" : "SINGLE_TOKEN",
    "overlap_mode" : "NO_OVERLAP",
    "validation_mode" : "ALWAYS",
    "lock_to_token_offset" : true,
    "multiple_tokens" : false,
    "project_name" : "Gabarit d'annotation en sémantique de rôle",
    "linked_list_behavior" : false,
    "on_click_javascript_action" : null,
    "traits" : "{\"coloringRules\":{\"rules\":[]}}"
  }, {
    "name" : "de.tudarmstadt.ukp.dkpro.core.api.ner.type.NamedEntity",
    "features" : [ {
      "name" : "identifier",
      "tag_set" : null,
      "uiName" : "identifier",
      "type" : "kb:<ANY>",
      "enabled" : true,
      "visible" : true,
      "include_in_hover" : false,
      "required" : false,
      "remember" : false,
      "hideUnconstraintFeature" : false,
      "description" : "Linked entity",
      "project_name" : "Gabarit d'annotation en sémantique de rôle",
      "multi_value_mode" : "NONE",
      "link_mode" : "NONE",
      "link_type_name" : null,
      "link_type_role_feature_name" : null,
      "link_type_target_feature_name" : null,
      "traits" : null,
      "curatable" : true
    }, {
      "name" : "value",
      "tag_set" : {
        "name" : "Named Entity tags",
        "description" : null,
        "language" : null,
        "tags" : [ ],
        "create_tag" : false
      },
      "uiName" : "value",
      "type" : "uima.cas.String",
      "enabled" : true,
      "visible" : true,
      "include_in_hover" : false,
      "required" : false,
      "remember" : false,
      "hideUnconstraintFeature" : false,
      "description" : "Named entity type",
      "project_name" : "Gabarit d'annotation en sémantique de rôle",
      "multi_value_mode" : "NONE",
      "link_mode" : "NONE",
      "link_type_name" : null,
      "link_type_role_feature_name" : null,
      "link_type_target_feature_name" : null,
      "traits" : null,
      "curatable" : true
    } ],
    "uiName" : "Named entity",
    "type" : "span",
    "description" : null,
    "enabled" : false,
    "built_in" : true,
    "readonly" : false,
    "attach_type" : null,
    "attach_feature" : null,
    "allow_stacking" : false,
    "cross_sentence" : false,
    "show_hover" : true,
    "anchoring_mode" : "TOKENS",
    "overlap_mode" : "NO_OVERLAP",
    "validation_mode" : "ALWAYS",
    "lock_to_token_offset" : false,
    "multiple_tokens" : true,
    "project_name" : "Gabarit d'annotation en sémantique de rôle",
    "linked_list_behavior" : false,
    "on_click_javascript_action" : null,
    "traits" : "{\"coloringRules\":{\"rules\":[]}}"
  }, {
    "name" : "webanno.custom.Autres",
    "features" : [ {
      "name" : "Autreslments",
      "tag_set" : null,
      "uiName" : "Autres éléments",
      "type" : "uima.cas.String",
      "enabled" : true,
      "visible" : true,
      "include_in_hover" : false,
      "required" : false,
      "remember" : false,
      "hideUnconstraintFeature" : false,
      "description" : "Annoter les éléments qui peuvent être importants et qui ne rentrent pas dans le cadre d'annotation.",
      "project_name" : "Gabarit d'annotation en sémantique de rôle",
      "multi_value_mode" : "NONE",
      "link_mode" : "NONE",
      "link_type_name" : null,
      "link_type_role_feature_name" : null,
      "link_type_target_feature_name" : null,
      "traits" : "{\"multipleRows\":false,\"dynamicSize\":false,\"collapsedRows\":1,\"expandedRows\":1,\"editorType\":\"AUTO\",\"keyBindings\":[]}",
      "curatable" : true
    } ],
    "uiName" : "Notes",
    "type" : "span",
    "description" : "Autres éléments importants qui peuvent être ajoutés sur une string ou sur une layer d'annotation.",
    "enabled" : true,
    "built_in" : false,
    "readonly" : false,
    "attach_type" : null,
    "attach_feature" : null,
    "allow_stacking" : true,
    "cross_sentence" : false,
    "show_hover" : true,
    "anchoring_mode" : "TOKENS",
    "overlap_mode" : "ANY_OVERLAP",
    "validation_mode" : "ALWAYS",
    "lock_to_token_offset" : false,
    "multiple_tokens" : true,
    "project_name" : "Gabarit d'annotation en sémantique de rôle",
    "linked_list_behavior" : false,
    "on_click_javascript_action" : null,
    "traits" : null
  }, {
    "name" : "de.tudarmstadt.ukp.dkpro.core.api.transform.type.SofaChangeAnnotation",
    "features" : [ {
      "name" : "value",
      "tag_set" : null,
      "uiName" : "Correction",
      "type" : "uima.cas.String",
      "enabled" : true,
      "visible" : true,
      "include_in_hover" : false,
      "required" : false,
      "remember" : false,
      "hideUnconstraintFeature" : false,
      "description" : "Correct this token using the specified operation.",
      "project_name" : "Gabarit d'annotation en sémantique de rôle",
      "multi_value_mode" : "NONE",
      "link_mode" : "NONE",
      "link_type_name" : null,
      "link_type_role_feature_name" : null,
      "link_type_target_feature_name" : null,
      "traits" : null,
      "curatable" : true
    }, {
      "name" : "operation",
      "tag_set" : {
        "name" : "Operation",
        "description" : null,
        "language" : null,
        "tags" : [ ],
        "create_tag" : false
      },
      "uiName" : "Operation",
      "type" : "uima.cas.String",
      "enabled" : true,
      "visible" : false,
      "include_in_hover" : false,
      "required" : true,
      "remember" : false,
      "hideUnconstraintFeature" : false,
      "description" : "An operation taken to change this token.",
      "project_name" : "Gabarit d'annotation en sémantique de rôle",
      "multi_value_mode" : "NONE",
      "link_mode" : "NONE",
      "link_type_name" : null,
      "link_type_role_feature_name" : null,
      "link_type_target_feature_name" : null,
      "traits" : null,
      "curatable" : true
    } ],
    "uiName" : "Orthography Correction",
    "type" : "span",
    "description" : null,
    "enabled" : false,
    "built_in" : true,
    "readonly" : false,
    "attach_type" : null,
    "attach_feature" : null,
    "allow_stacking" : false,
    "cross_sentence" : false,
    "show_hover" : true,
    "anchoring_mode" : "SINGLE_TOKEN",
    "overlap_mode" : "NO_OVERLAP",
    "validation_mode" : "ALWAYS",
    "lock_to_token_offset" : true,
    "multiple_tokens" : false,
    "project_name" : "Gabarit d'annotation en sémantique de rôle",
    "linked_list_behavior" : false,
    "on_click_javascript_action" : null,
    "traits" : "{\"coloringRules\":{\"rules\":[]}}"
  }, {
    "name" : "de.tudarmstadt.ukp.dkpro.core.api.lexmorph.type.pos.POS",
    "features" : [ {
      "name" : "coarseValue",
      "tag_set" : {
        "name" : "UD Universal POS tags (v2)",
        "description" : null,
        "language" : null,
        "tags" : [ ],
        "create_tag" : false
      },
      "uiName" : "UPOS",
      "type" : "uima.cas.String",
      "enabled" : true,
      "visible" : true,
      "include_in_hover" : false,
      "required" : false,
      "remember" : false,
      "hideUnconstraintFeature" : false,
      "description" : "Universal part-of-speech tag",
      "project_name" : "Gabarit d'annotation en sémantique de rôle",
      "multi_value_mode" : "NONE",
      "link_mode" : "NONE",
      "link_type_name" : null,
      "link_type_role_feature_name" : null,
      "link_type_target_feature_name" : null,
      "traits" : null,
      "curatable" : true
    }, {
      "name" : "PosValue",
      "tag_set" : null,
      "uiName" : "XPOS",
      "type" : "uima.cas.String",
      "enabled" : true,
      "visible" : true,
      "include_in_hover" : false,
      "required" : false,
      "remember" : false,
      "hideUnconstraintFeature" : false,
      "description" : "Language-specific part-of-speech tag",
      "project_name" : "Gabarit d'annotation en sémantique de rôle",
      "multi_value_mode" : "NONE",
      "link_mode" : "NONE",
      "link_type_name" : null,
      "link_type_role_feature_name" : null,
      "link_type_target_feature_name" : null,
      "traits" : null,
      "curatable" : true
    } ],
    "uiName" : "Part of speech",
    "type" : "span",
    "description" : null,
    "enabled" : false,
    "built_in" : true,
    "readonly" : false,
    "attach_type" : {
      "name" : "de.tudarmstadt.ukp.dkpro.core.api.segmentation.type.Token"
    },
    "attach_feature" : {
      "name" : "pos",
      "layer" : "de.tudarmstadt.ukp.dkpro.core.api.segmentation.type.Token"
    },
    "allow_stacking" : false,
    "cross_sentence" : false,
    "show_hover" : true,
    "anchoring_mode" : "SINGLE_TOKEN",
    "overlap_mode" : "NO_OVERLAP",
    "validation_mode" : "ALWAYS",
    "lock_to_token_offset" : true,
    "multiple_tokens" : false,
    "project_name" : "Gabarit d'annotation en sémantique de rôle",
    "linked_list_behavior" : false,
    "on_click_javascript_action" : null,
    "traits" : "{\"coloringRules\":{\"rules\":[]}}"
  }, {
    "name" : "de.tudarmstadt.ukp.dkpro.core.api.semantics.type.SemArg",
    "features" : [ ],
    "uiName" : "SemArg",
    "type" : "span",
    "description" : null,
    "enabled" : false,
    "built_in" : true,
    "readonly" : false,
    "attach_type" : null,
    "attach_feature" : null,
    "allow_stacking" : true,
    "cross_sentence" : false,
    "show_hover" : true,
    "anchoring_mode" : "TOKENS",
    "overlap_mode" : "ANY_OVERLAP",
    "validation_mode" : "ALWAYS",
    "lock_to_token_offset" : false,
    "multiple_tokens" : true,
    "project_name" : "Gabarit d'annotation en sémantique de rôle",
    "linked_list_behavior" : false,
    "on_click_javascript_action" : null,
    "traits" : "{\"coloringRules\":{\"rules\":[]}}"
  }, {
    "name" : "de.tudarmstadt.ukp.dkpro.core.api.semantics.type.SemPred",
    "features" : [ {
      "name" : "arguments",
      "tag_set" : null,
      "uiName" : "arguments",
      "type" : "de.tudarmstadt.ukp.dkpro.core.api.semantics.type.SemArg",
      "enabled" : true,
      "visible" : true,
      "include_in_hover" : false,
      "required" : false,
      "remember" : false,
      "hideUnconstraintFeature" : false,
      "description" : "Arguments of the semantic predicate",
      "project_name" : "Gabarit d'annotation en sémantique de rôle",
      "multi_value_mode" : "ARRAY",
      "link_mode" : "WITH_ROLE",
      "link_type_name" : "de.tudarmstadt.ukp.dkpro.core.api.semantics.type.SemArgLink",
      "link_type_role_feature_name" : "role",
      "link_type_target_feature_name" : "target",
      "traits" : null,
      "curatable" : true
    }, {
      "name" : "category",
      "tag_set" : null,
      "uiName" : "category",
      "type" : "uima.cas.String",
      "enabled" : true,
      "visible" : true,
      "include_in_hover" : false,
      "required" : false,
      "remember" : false,
      "hideUnconstraintFeature" : false,
      "description" : "Category of the semantic predicate, e.g. the frame identifier.",
      "project_name" : "Gabarit d'annotation en sémantique de rôle",
      "multi_value_mode" : "NONE",
      "link_mode" : "NONE",
      "link_type_name" : null,
      "link_type_role_feature_name" : null,
      "link_type_target_feature_name" : null,
      "traits" : null,
      "curatable" : true
    } ],
    "uiName" : "SemPred",
    "type" : "span",
    "description" : null,
    "enabled" : false,
    "built_in" : true,
    "readonly" : false,
    "attach_type" : null,
    "attach_feature" : null,
    "allow_stacking" : true,
    "cross_sentence" : false,
    "show_hover" : true,
    "anchoring_mode" : "TOKENS",
    "overlap_mode" : "ANY_OVERLAP",
    "validation_mode" : "ALWAYS",
    "lock_to_token_offset" : false,
    "multiple_tokens" : true,
    "project_name" : "Gabarit d'annotation en sémantique de rôle",
    "linked_list_behavior" : false,
    "on_click_javascript_action" : null,
    "traits" : "{\"coloringRules\":{\"rules\":[]}}"
  }, {
    "name" : "de.tudarmstadt.ukp.dkpro.core.api.segmentation.type.Sentence",
    "features" : [ ],
    "uiName" : "Sentence",
    "type" : "span",
    "description" : null,
    "enabled" : true,
    "built_in" : true,
    "readonly" : true,
    "attach_type" : null,
    "attach_feature" : null,
    "allow_stacking" : false,
    "cross_sentence" : true,
    "show_hover" : true,
    "anchoring_mode" : "CHARACTERS",
    "overlap_mode" : "NO_OVERLAP",
    "validation_mode" : "NEVER",
    "lock_to_token_offset" : false,
    "multiple_tokens" : false,
    "project_name" : "Gabarit d'annotation en sémantique de rôle",
    "linked_list_behavior" : false,
    "on_click_javascript_action" : null,
    "traits" : null
  }, {
    "name" : "de.tudarmstadt.ukp.dkpro.core.api.segmentation.type.SurfaceForm",
    "features" : [ {
      "name" : "value",
      "tag_set" : null,
      "uiName" : "Form",
      "type" : "uima.cas.String",
      "enabled" : true,
      "visible" : true,
      "include_in_hover" : false,
      "required" : false,
      "remember" : false,
      "hideUnconstraintFeature" : false,
      "description" : "Original surface text",
      "project_name" : "Gabarit d'annotation en sémantique de rôle",
      "multi_value_mode" : "NONE",
      "link_mode" : "NONE",
      "link_type_name" : null,
      "link_type_role_feature_name" : null,
      "link_type_target_feature_name" : null,
      "traits" : null,
      "curatable" : true
    } ],
    "uiName" : "Surface form",
    "type" : "span",
    "description" : null,
    "enabled" : false,
    "built_in" : true,
    "readonly" : false,
    "attach_type" : null,
    "attach_feature" : null,
    "allow_stacking" : false,
    "cross_sentence" : false,
    "show_hover" : true,
    "anchoring_mode" : "TOKENS",
    "overlap_mode" : "NO_OVERLAP",
    "validation_mode" : "ALWAYS",
    "lock_to_token_offset" : false,
    "multiple_tokens" : true,
    "project_name" : "Gabarit d'annotation en sémantique de rôle",
    "linked_list_behavior" : false,
    "on_click_javascript_action" : null,
    "traits" : "{\"coloringRules\":{\"rules\":[]}}"
  }, {
    "name" : "de.tudarmstadt.ukp.dkpro.core.api.segmentation.type.Token",
    "features" : [ {
      "name" : "lemma",
      "tag_set" : null,
      "uiName" : "lemma",
      "type" : "de.tudarmstadt.ukp.dkpro.core.api.segmentation.type.Lemma",
      "enabled" : true,
      "visible" : true,
      "include_in_hover" : false,
      "required" : false,
      "remember" : false,
      "hideUnconstraintFeature" : false,
      "description" : null,
      "project_name" : "Gabarit d'annotation en sémantique de rôle",
      "multi_value_mode" : "NONE",
      "link_mode" : "NONE",
      "link_type_name" : null,
      "link_type_role_feature_name" : null,
      "link_type_target_feature_name" : null,
      "traits" : null,
      "curatable" : true
    }, {
      "name" : "morph",
      "tag_set" : null,
      "uiName" : "morph",
      "type" : "de.tudarmstadt.ukp.dkpro.core.api.segmentation.type.Lemma",
      "enabled" : true,
      "visible" : true,
      "include_in_hover" : false,
      "required" : false,
      "remember" : false,
      "hideUnconstraintFeature" : false,
      "description" : null,
      "project_name" : "Gabarit d'annotation en sémantique de rôle",
      "multi_value_mode" : "NONE",
      "link_mode" : "NONE",
      "link_type_name" : null,
      "link_type_role_feature_name" : null,
      "link_type_target_feature_name" : null,
      "traits" : null,
      "curatable" : true
    }, {
      "name" : "pos",
      "tag_set" : null,
      "uiName" : "pos",
      "type" : "de.tudarmstadt.ukp.dkpro.core.api.lexmorph.type.pos.POS",
      "enabled" : true,
      "visible" : true,
      "include_in_hover" : false,
      "required" : false,
      "remember" : false,
      "hideUnconstraintFeature" : false,
      "description" : null,
      "project_name" : "Gabarit d'annotation en sémantique de rôle",
      "multi_value_mode" : "NONE",
      "link_mode" : "NONE",
      "link_type_name" : null,
      "link_type_role_feature_name" : null,
      "link_type_target_feature_name" : null,
      "traits" : null,
      "curatable" : true
    } ],
    "uiName" : "Token",
    "type" : "span",
    "description" : null,
    "enabled" : true,
    "built_in" : true,
    "readonly" : true,
    "attach_type" : null,
    "attach_feature" : null,
    "allow_stacking" : false,
    "cross_sentence" : false,
    "show_hover" : true,
    "anchoring_mode" : "CHARACTERS",
    "overlap_mode" : "NO_OVERLAP",
    "validation_mode" : "NEVER",
    "lock_to_token_offset" : false,
    "multiple_tokens" : false,
    "project_name" : "Gabarit d'annotation en sémantique de rôle",
    "linked_list_behavior" : false,
    "on_click_javascript_action" : null,
    "traits" : null
  } ],
  "disableExport" : false,
  "script_direction" : "LTR",
  "created" : 1661908917755,
  "updated" : 1661908921473,
  "anonymous_curation" : false,
  "default-preferences" : [ ],
  "knowledge_bases" : [ {
    "additional_matching_properties" : [ ],
    "base_prefix" : "http://verbs.colorado.edu/propbank/framesets-english-aliases/",
    "class_iri" : "http://www.w3.org/2000/01/rdf-schema#Class",
    "default_dataset_iri" : null,
    "default_language" : "en",
    "description_iri" : "http://www.w3.org/2000/01/rdf-schema#comment",
    "enabled" : true,
    "full_text_search_iri" : "http://www.openrdf.org/contrib/lucenesail#matches",
    "id" : "pid-22-kbid-",
    "label_iri" : "http://www.w3.org/2000/01/rdf-schema#label",
    "max_results" : 10000,
    "name" : "FrameSet_KB",
    "property_description_iri" : "http://www.w3.org/2000/01/rdf-schema#comment",
    "property_label_iri" : "http://www.w3.org/2000/01/rdf-schema#label",
    "property_type_iri" : "http://www.w3.org/1999/02/22-rdf-syntax-ns#Property",
    "read_only" : false,
    "reification" : "NONE",
    "remote_url" : null,
    "root_concepts" : [ ],
    "sub_Property_IRI" : "http://www.w3.org/2000/01/rdf-schema#subPropertyOf",
    "subclass_iri" : "http://www.w3.org/2000/01/rdf-schema#subClassOf",
    "support_concept_linking" : true,
    "type" : "LOCAL",
    "type_iri" : "http://www.w3.org/1999/02/22-rdf-syntax-ns#type"
  } ],
  "external_search" : [ ],
  "curation_workflow" : {
    "id" : 17,
    "project" : {
      "id" : 22,
      "name" : "Gabarit d'annotation en sémantique de rôle",
      "slug" : "gabarit-d_annotation-en-s_mantique-de-r_",
      "description" : "Ceci est le gabarit d'annotation utilisé pour la constitution du corpus CTeTex.",
      "mode" : "annotation",
      "version" : 1,
      "disableExport" : false,
      "scriptDirection" : "LTR",
      "created" : 1661908917755,
      "updated" : 1661908921473,
      "state" : "CURATION_FINISHED",
      "anonymousCuration" : false
    },
    "mergeStrategy" : "completeAgreementNonStacked",
    "mergeStrategyTraits" : null
  },
  "project_users" : [ ],
  "recommenders" : [ ],
  "gazeteers" : [ ],
  "workload_manager" : {
    "traits" : null,
    "type" : "matrix"
  }
}